num_wps,lr,batch_size,last_train_loss,optimizer
10,0.001,32,0.06032481886395741,SGD
20,0.001,32,0.07433851536447585,SGD
30,0.001,32,0.08552052665949725,SGD
