throttle,steer,cur_speed,cur_x,cur_y,cur_z,cur_pitch,cur_yaw,cur_roll,target_speed,target_x,target_y,target_z,target_pitch,target_yaw,target_roll
1.0,1.0,0.12947431405300755,0.21495956420898438,0.12090206909179688,0.7994212680392795,0.75,0.19923536682128906,0.11715727996826172,-0.921659427218967,0.18526338195800782,0.11067176818847656,-0.8129969278971354,0.17163571166992186,0.10132987213134766,-0.8168754577636719,0.15756338500976563,0.09601654052734375,-0.9540979173448351,0.14290748596191405,0.09762433624267577,0.8854910956488715
1.0,1.0,0.13392300844470137,0.21477120971679686,0.12118230438232422,0.7856527540418837,0.75,0.1990701904296875,0.11711531829833985,-0.9199636671278212,0.18511598205566407,0.11057324981689454,-0.811924319797092,0.1714911346435547,0.10123661041259766,-0.8184236314561631,0.15739610290527345,0.09599273681640624,-0.9559275309244791,0.14273051452636717,0.0976908950805664,0.8854910956488715
